annual_return,calmar_ratio,decision,error,exchange,expectancy,fee,fee_rate,finish,gross_loss,gross_profit,leverage,longs_count,max_drawdown,net_profit,net_profit_percentage,open_pl,profit_factor,sharpe_ratio,shorts_count,sortino_ratio,start,status,strategy,symbol,timeframe,total,total_open_trades,win_rate
-33.94029368858489,-2.8312376813547253,reject: non-positive expectancy after fees,,Binance Perpetual Futures,-50.68044279499051,762.1695847300398,0.001,2024-03-01,-2989.528732155008,2330.682975820131,3,11,-11.987793858530704,-658.8457563348771,-6.58845756334877,0.0,0.779615512890573,-0.8229225622908476,2,-0.9662362833633565,2024-01-01,ok,KAMA_TrendFollowing,BTC-USDT,15m,13,0,0.6153846153846154
-32.065139640489384,-2.9909870383357418,reject: non-positive expectancy after fees,,Binance Perpetual Futures,-61.576666327759995,560.6901787210445,0.001,2024-03-01,-2134.051005679001,1518.2843424014009,3,7,-10.72058796293922,-615.7666632775995,-6.157666632775995,0.0,0.711456445211965,-0.9853452867857545,3,-1.3458156266997563,2024-01-01,ok,KAMA_TrendFollowing,ETH-USDT,15m,10,0,0.5
-49.528810942805315,-4.658754585123906,reject: too few trades,,Binance Perpetual Futures,-177.18902494155222,336.4476321974562,0.001,2024-03-01,-1963.2100021648296,900.0758525155163,3,6,-10.631341496493107,-1063.1341496493133,-10.631341496493132,0.0,0.45847150917273427,-2.4923239739332486,0,-2.7045211496527504,2024-01-01,ok,KamaPullbackReclaim,BTC-USDT,15m,6,0,0.5
-2.7860371833626885,-0.3067087990849889,reject: too few trades,,Binance Perpetual Futures,-9.268048657836715,285.37040847391916,0.001,2024-03-01,-864.1566174573395,817.816374168156,3,4,-9.083655870566265,-46.34024328918355,-0.46340243289183547,0.0,0.9463751797382132,-0.0253338931031625,1,-0.03305796064827597,2024-01-01,ok,KamaPullbackReclaim,ETH-USDT,15m,5,0,0.6
49.52003232792905,9.74692246830896,"revise: positive slice, needs route robustness",,Binance Perpetual Futures,37.97789702003402,371.26433917406627,0.001,2024-03-01,-1410.3919398198414,2093.994086180454,3,14,-5.080581331075318,683.6021463606123,6.836021463606123,0.0,1.484689487411516,2.0485282158661815,4,3.34647898181879,2024-01-01,ok,SuperScalper,BTC-USDT,15m,18,0,0.6666666666666666
-32.58870410058437,-4.270398305197296,reject: non-positive expectancy after fees,,Binance Perpetual Futures,-48.28414108984108,246.53797222276825,0.001,2024-03-01,-1356.2295552799956,728.5357211120615,3,7,-7.6313031646069724,-627.693834167934,-6.27693834167934,0.0,0.5371772929411307,-2.989988365427329,6,-3.625871317232199,2024-01-01,ok,SuperScalper,ETH-USDT,15m,13,0,0.38461538461538464
-23.9819541991796,-4.339152279887847,reject: non-positive expectancy after fees,,Binance Perpetual Futures,-15.740408381821894,539.4767173318801,0.001,2024-03-01,-1611.17296858294,1170.441533891927,3,22,-5.526875447616108,-440.7314346910129,-4.407314346910129,0.0,0.726453060419301,-1.5171942372604883,6,-1.8598202139381386,2024-01-01,ok,SuperScalperTimeStopScratch,BTC-USDT,15m,28,0,0.32142857142857145
-41.18432840360911,-4.92926247689985,reject: non-positive expectancy after fees,,Binance Perpetual Futures,-39.78604313729677,399.9156675920908,0.001,2024-03-01,-1205.5914487103796,370.0845428271474,3,11,-8.35506905883232,-835.5069058832319,-8.355069058832319,0.0,0.306973430529079,-4.739028218945845,10,-5.211436242878502,2024-01-01,ok,SuperScalperTimeStopScratch,ETH-USDT,15m,21,0,0.09523809523809523
33.51572930709712,5.937723127119474,reject: too few trades,,Binance Perpetual Futures,60.82731111987704,489.16642521494373,0.001,2024-03-01,-1415.463669163561,1902.082158122577,3,4,-5.644542291643761,486.618488959016,4.86618488959016,0.0,1.3437873394847168,1.1458540140772822,4,1.9121812719847577,2024-01-01,ok,TrendWaveRiderV2,BTC-USDT,15m,8,0,0.625
-11.455968793579807,-0.6885343897206834,reject: too few trades,,Binance Perpetual Futures,-24.752376048467767,460.8495343229832,0.001,2024-03-01,-1785.8174149596848,1587.7984065719427,3,4,-16.638194060614943,-198.01900838774247,-1.980190083877425,0.0,0.8891157591313934,-0.10991546484035902,4,-0.13570732380044123,2024-01-01,ok,TrendWaveRiderV2,ETH-USDT,15m,8,0,0.5
160.31621957406563,28.401986994991454,"revise: positive slice, needs route robustness",,Binance Perpetual Futures,131.00905179578248,823.3748401480221,0.001,2024-03-01,-1703.4910989107077,3406.60877225588,3,8,-5.6445423907255705,1703.1176733451725,17.031176733451726,0.0,1.999780788073519,3.076407552967602,5,6.57495301850906,2024-01-01,ok,TrendWaveRiderV2ShallowPullbackBand,BTC-USDT,15m,13,0,0.6923076923076923
2.9925276882874607,0.22225797613171125,"revise: positive slice, needs route robustness",,Binance Perpetual Futures,4.41711022283036,633.3586767143863,0.001,2024-03-01,-2236.649219908162,2285.2374323592967,3,5,-13.464208305910574,48.58821245113427,0.4858821245113427,0.0,1.0217236623510992,0.2821278740842981,6,0.3744637915025077,2024-01-01,ok,TrendWaveRiderV2ShallowPullbackBand,ETH-USDT,15m,11,0,0.5454545454545454
263.95652690176973,19.356843422195574,reject: too few trades,,Binance Perpetual Futures,262.882798331948,367.7416690664478,0.001,2024-03-01,-1363.6341481127213,3729.5793331002533,3,5,-13.6363414811272,2365.9451849875322,23.659451849875325,0.0,2.7350292879230222,2.8527249136960435,4,9.265579690242165,2024-01-01,ok,TurtleV2,BTC-USDT,1h,9,0,0.4444444444444444
-33.705681548346945,-2.687638084007685,reject: non-positive expectancy after fees,,Binance Perpetual Futures,-46.67145449294796,599.5700881271141,0.001,2024-03-01,-2698.075516140201,2044.67515323893,3,9,-12.541004590203809,-653.4003629012709,-6.53400362901271,0.0,0.7578272516864134,-0.6651939987950563,5,-1.1357825281106357,2024-01-01,ok,TurtleV2,ETH-USDT,1h,14,0,0.21428571428571427
232.74767306966498,22.157927052942053,"revise: positive slice, needs route robustness",,Binance Perpetual Futures,218.5044729170421,413.39035170014625,0.001,2024-03-01,-1220.3800290755607,3405.4247582459816,3,6,-10.50403643416461,2185.044729170421,21.85044729170421,0.0,2.7904625420866602,2.732706304129681,4,9.761780097428094,2024-01-01,ok,TurtleV2FailedBreakTimeStop,BTC-USDT,1h,10,0,0.2
-15.69861452465824,-1.441083517157101,reject: non-positive expectancy after fees,,Binance Perpetual Futures,-18.45448732299971,663.2325204265418,0.001,2024-03-01,-2219.311070447198,1942.4937606022027,3,10,-10.893618820668838,-276.8173098449952,-2.7681730984499517,0.0,0.875268810428988,-0.20523812014499404,5,-0.37406103456516376,2024-01-01,ok,TurtleV2FailedBreakTimeStop,ETH-USDT,1h,15,0,0.13333333333333333
