exchange,symbol,timeframe,regime,start,finish,base_fee,slippage_bps,effective_fee,net_profit,net_profit_percentage,annual_return,max_drawdown,sharpe_ratio,sortino_ratio,calmar_ratio,win_rate,total,expectancy,longs_count,shorts_count,total_open_trades,open_pl,fee,decision
Binance Perpetual Futures,BTC-USDT,1h,uptrend,2023-10-01,2024-03-15,0.0004,0.0,0.0004,3.0452697444008607,0.03045269744400861,0.06697146688077193,-0.018145477484776684,1.4812135885096958,3.148671661669791,3.6908076371623872,0.4,30,0.1015089914800287,22,8,0,0.0,1.0661021111362818,keep as baseline control
Binance Perpetual Futures,BTC-USDT,1h,uptrend,2023-10-01,2024-03-15,0.0004,2.0,0.0006000000000000001,3.0452697444008607,0.03045269744400861,0.055246861516233814,-0.019434229885761933,1.2293844419709796,2.4951071692458693,2.8427605231071813,0.4,30,0.1015089914800287,22,8,0,0.0,1.0661021111362818,keep as baseline control
Binance Perpetual Futures,BTC-USDT,1h,uptrend,2023-10-01,2024-03-15,0.0008,0.0,0.0008,3.0452697444008607,0.03045269744400861,0.04352300516405894,-0.020723071030126494,0.9733929167817595,1.89009151153644,2.1002198516227,0.4,30,0.1015089914800287,22,8,0,0.0,1.0661021111362818,keep as baseline control
Binance Perpetual Futures,BTC-USDT,1h,uptrend,2023-10-01,2024-03-15,0.0008,2.0,0.001,3.0452697444008607,0.03045269744400861,0.03179989781703085,-0.022012000926829867,0.7140273306416004,1.329239412033024,1.4446618425438447,0.4,30,0.1015089914800287,22,8,0,0.0,1.0661021111362818,keep as baseline control
Binance Perpetual Futures,BTC-USDT,1h,choppy,2024-03-15,2024-06-15,0.0004,0.0,0.0004,-0.06659903753414437,-0.0006659903753414437,-0.002642218315274114,-0.01907698947795078,-0.06391003341520557,-0.11015066344181644,-0.13850289734279064,0.2777777777777778,18,-0.0036999465296746747,5,13,0,0.0,0.47075770778351655,reject: negative/flat net
Binance Perpetual Futures,BTC-USDT,1h,choppy,2024-03-15,2024-06-15,0.0004,2.0,0.0006000000000000001,-0.06571329126929909,-0.0006571329126929909,-0.01194384751491695,-0.020020036786239093,-0.28928281439790793,-0.48369463370529103,-0.5965946837383752,0.2777777777777778,18,-0.00365073840384994,5,13,0,0.0,0.47070111944668774,reject: negative/flat net
Binance Perpetual Futures,BTC-USDT,1h,choppy,2024-03-15,2024-06-15,0.0008,0.0,0.0008,-0.06571329126929909,-0.0006571329126929909,-0.021279964990061906,-0.020963084094582918,-0.5146522485616687,-0.835591388389301,-1.0151161391162322,0.2777777777777778,18,-0.00365073840384994,5,13,0,0.0,0.47070111944668774,reject: negative/flat net
Binance Perpetual Futures,BTC-USDT,1h,choppy,2024-03-15,2024-06-15,0.0008,2.0,0.001,-0.06571329126929909,-0.0006571329126929909,-0.030615430439362434,-0.02190613140291564,-0.7388330183751033,-1.166139136712126,-1.397573577746713,0.2777777777777778,18,-0.00365073840384994,5,13,0,0.0,0.47070111944668774,reject: negative/flat net
Binance Perpetual Futures,BTC-USDT,1h,downtrend,2024-06-15,2024-09-15,0.0004,0.0,0.0004,-0.7947337930095683,-0.007947337930095683,-0.03152648172870531,-0.01878471745637711,-0.8851619568717314,-1.4883583379894587,-1.678304813576133,0.29411764705882354,17,-0.04674904664762164,9,8,0,0.0,0.508277880235743,reject: negative/flat net
Binance Perpetual Futures,BTC-USDT,1h,downtrend,2024-06-15,2024-09-15,0.0004,2.0,0.0006000000000000001,-0.7947337930095683,-0.007947337930095683,-0.041606410223216095,-0.020762927038842083,-1.17604612614272,-1.9152099316371443,-2.003879806800902,0.29411764705882354,17,-0.04674904664762164,9,8,0,0.0,0.508277880235743,reject: negative/flat net
Binance Perpetual Futures,BTC-USDT,1h,downtrend,2024-06-15,2024-09-15,0.0008,0.0,0.0008,-0.7947337930095683,-0.007947337930095683,-0.05168557850893096,-0.022741158896932845,-1.4694283678405424,-2.3196033713227386,-2.2727768071618337,0.29411764705882354,17,-0.04674904664762164,9,8,0,0.0,0.508277880235743,reject: negative/flat net
Binance Perpetual Futures,BTC-USDT,1h,downtrend,2024-06-15,2024-09-15,0.0008,2.0,0.001,-0.7947337930095683,-0.007947337930095683,-0.06176398662435245,-0.02471941303121561,-1.764483119835619,-2.7025048427338416,-2.498602476780377,0.29411764705882354,17,-0.04674904664762164,9,8,0,0.0,0.508277880235743,reject: negative/flat net
Binance Perpetual Futures,ETH-USDT,1h,uptrend,2023-10-01,2024-03-15,0.0004,0.0,0.0004,-1.9833870516198888,-0.01983387051619889,-0.043605434380622476,-0.033012989575065266,-1.368578383701424,-1.9373178194105984,-1.3208568791224438,0.3448275862068966,29,-0.06839265695240995,19,10,0,0.0,0.7793593547424773,reject: negative/flat net
Binance Perpetual Futures,ETH-USDT,1h,uptrend,2023-10-01,2024-03-15,0.0004,2.0,0.0006000000000000001,-1.9834353960059197,-0.019834353960059194,-0.05217243305505326,-0.03514716022987585,-1.6206559305626727,-2.238205415266815,-1.4843996702386657,0.3448275862068966,29,-0.06839432400020412,19,10,0,0.0,0.7793516531112705,reject: negative/flat net
Binance Perpetual Futures,ETH-USDT,1h,uptrend,2023-10-01,2024-03-15,0.0008,0.0,0.0008,-1.983428914498933,-0.01983428914498933,-0.06073759833582493,-0.03728156925497661,-1.866063848511853,-2.517785640381576,-1.6291588457671278,0.3448275862068966,29,-0.06839410049996314,19,10,0,0.0,0.7793412827092285,reject: negative/flat net
Binance Perpetual Futures,ETH-USDT,1h,uptrend,2023-10-01,2024-03-15,0.0008,2.0,0.001,-1.9833855038149888,-0.01983385503814989,-0.06930118118516626,-0.03941529433212354,-2.104564366616835,-2.777618761148668,-1.7582307162599484,0.3448275862068966,29,-0.06839260357982715,19,10,0,0.0,0.7793265869319809,reject: negative/flat net
Binance Perpetual Futures,ETH-USDT,1h,choppy,2024-03-15,2024-06-15,0.0004,0.0,0.0004,-1.097591695044441,-0.010975916950444411,-0.043538666585052344,-0.01186137671015386,-1.5890625856520306,-2.380396023881637,-3.670625058875445,0.3076923076923077,13,-0.0844301303880339,6,7,0,0.0,0.32286567052476395,reject: negative/flat net
Binance Perpetual Futures,ETH-USDT,1h,choppy,2024-03-15,2024-06-15,0.0004,2.0,0.0006000000000000001,-1.0975020593389015,-0.010975020593389015,-0.04993732142943852,-0.013249001089965518,-1.8072721074829445,-2.625476868899837,-3.769138600740238,0.3076923076923077,13,-0.08442323533376166,6,7,0,0.0,0.3228544035500896,reject: negative/flat net
Binance Perpetual Futures,ETH-USDT,1h,choppy,2024-03-15,2024-06-15,0.0008,0.0,0.0008,-1.0975020593389015,-0.010975020593389015,-0.05633922460623886,-0.014753559347258083,-2.0202579831492544,-2.8519269475916906,-3.8186869541219814,0.3076923076923077,13,-0.08442323533376166,6,7,0,0.0,0.3228544035500896,reject: negative/flat net
Binance Perpetual Futures,ETH-USDT,1h,choppy,2024-03-15,2024-06-15,0.0008,2.0,0.001,-1.0975020593389015,-0.010975020593389015,-0.06274082108465029,-0.016258117604639466,-2.227612571736761,-3.0614372082865584,-3.859045838538305,0.3076923076923077,13,-0.08442323533376166,6,7,0,0.0,0.3228544035500896,reject: negative/flat net
Binance Perpetual Futures,ETH-USDT,1h,downtrend,2024-06-15,2024-09-15,0.0004,0.0,0.0004,1.5012671249242666,0.015012671249242665,0.059574409464180356,-0.018957803888597358,1.3804771900413302,2.9910345414257096,3.142474192383268,0.3157894736842105,19,0.07901405920654034,9,10,0,0.0,0.48874808088287,keep as baseline control
Binance Perpetual Futures,ETH-USDT,1h,downtrend,2024-06-15,2024-09-15,0.0004,2.0,0.0006000000000000001,1.5013460068050668,0.015013460068050667,0.049878378092382825,-0.019966619036992928,1.163599167930735,2.4249936157060894,2.4980883343329796,0.3157894736842105,19,0.07901821088447716,9,10,0,0.0,0.48874402700207,keep as baseline control
Binance Perpetual Futures,ETH-USDT,1h,downtrend,2024-06-15,2024-09-15,0.0008,0.0,0.0008,1.5012629879168216,0.015012629879168213,0.040176801973745846,-0.02097624140847687,0.9431537886576117,1.8924708568386948,1.9153479973542682,0.3157894736842105,19,0.0790138414693064,9,10,0,0.0,0.4887395504574431,keep as baseline control
Binance Perpetual Futures,ETH-USDT,1h,downtrend,2024-06-15,2024-09-15,0.0008,2.0,0.001,1.5011950315964728,0.01501195031596473,0.030476673761237194,-0.021985726699680352,0.7195848221230392,1.3916561402140513,1.386202702214082,0.3157894736842105,19,0.07901026482086701,9,10,0,0.0,0.48873559638160163,keep as baseline control
